Customer ID,Age,Gender,Campaign Type,Ad Spend,Clicks,Conversions,Date
CUST0099,57,Female,Google Ads,88.97,8,0,2023-06-26
CUST0231,52,Male,Google Ads,81.93,9,0,2023-05-04
CUST0018,30,Female,Social Media,59.01,8,0,2023-02-26
CUST0084,60,Female,Email,74.31,19,1,2023-09-06
CUST0107,44,Male,Email,51.46,17,0,2023-12-26
CUST0124,25,Female,Google Ads,51.39,13,0,2023-04-19
CUST0058,58,Female,Google Ads,66.11,17,0,2023-04-02
CUST0215,59,Female,Google Ads,80.83,5,0,2023-07-24
CUST0226,46,Female,TV,85.65,5,1,2023-03-14
CUST0097,33,Male,Email,83.69,19,0,2023-11-12
CUST0114,60,Male,Social Media,42.42,2,1,2023-06-06
CUST0127,63,Female,Email,79.48,15,0,2023-06-05
CUST0048,22,Female,Google Ads,48.1,11,0,2023-08-24
CUST0074,54,Male,Social Media,42.86,3,0,2023-07-06
CUST0033,57,Male,TV,98.29,13,0,2023-10-02
CUST0225,57,Male,Social Media,12.61,2,0,2023-10-28
CUST0112,59,Male,TV,45.41,7,1,2023-10-30
CUST0254,27,Male,Email,94.86,12,0,2023-08-03
CUST0097,32,Female,Email,73.48,19,0,2023-12-07
CUST0209,38,Male,Google Ads,47.7,18,0,2023-10-16
CUST0069,51,Male,Social Media,31.31,5,0,2023-03-29
CUST0003,39,Female,Social Media,5.04,2,0,2023-12-22
CUST0040,39,Female,Email,61.56,17,0,2023-08-12
CUST0085,26,Female,Social Media,19.42,8,0,2023-12-06
CUST0048,43,Female,Email,34.41,17,0,2023-07-28
CUST0177,30,Male,Social Media,43.9,8,0,2023-11-27
CUST0136,35,Male,TV,35.02,3,1,2023-07-01
CUST0100,18,Female,Email,71.72,17,1,2023-07-14
CUST0181,40,Male,Google Ads,70.04,18,0,2023-02-16
CUST0214,50,Male,TV,51.79,13,1,2023-05-08
CUST0119,64,Female,TV,56.89,5,0,2023-06-13
CUST0291,48,Female,Google Ads,87.21,1,1,2023-06-22
CUST0077,38,Female,Social Media,76.15,12,0,2023-06-23
CUST0169,40,Female,TV,28.59,10,1,2023-05-07
CUST0107,33,Male,Email,28.96,4,0,2023-10-03
CUST0065,44,Female,Email,52.27,16,0,2023-11-04
CUST0279,54,Male,Google Ads,42.72,13,0,2023-03-06
CUST0206,55,Female,Email,30.18,15,0,2023-11-29
CUST0147,31,Female,Social Media,36.91,9,0,2023-11-28
CUST0272,54,Male,TV,25.83,12,1,2023-04-14
CUST0254,64,Female,Google Ads,42.13,19,1,2023-07-15
CUST0159,24,Male,Google Ads,30.39,6,0,2023-03-17
CUST0181,29,Female,Google Ads,99.87,1,0,2023-12-30
CUST0071,45,Male,Social Media,7.2,6,1,2023-01-16
CUST0155,20,Male,Email,53.49,12,0,2023-06-25
CUST0209,39,Male,Email,49.42,7,0,2023-05-31
CUST0271,38,Male,Social Media,41.96,18,0,2023-09-15
CUST0256,46,Male,Email,18.46,4,0,2023-11-22
CUST0245,37,Male,TV,9.49,6,0,2023-12-16
CUST0130,20,Male,Social Media,99.03,6,1,2023-07-10
CUST0044,44,Female,Google Ads,79.79,3,0,2023-04-24
CUST0187,38,Male,Social Media,46.78,19,1,2023-01-23
CUST0184,58,Male,TV,68.78,19,0,2023-01-02
CUST0026,50,Male,Google Ads,33.28,11,1,2023-08-05
CUST0269,47,Female,Google Ads,46.51,5,0,2023-01-11
CUST0019,56,Male,Email,85.82,14,1,2023-10-08
CUST0002,58,Male,Email,59.67,0,1,2023-07-10
CUST0052,26,Female,Email,53.33,0,0,2023-11-14
CUST0234,55,Male,Email,86.86,3,0,2023-09-07
CUST0057,40,Male,TV,83.04,17,0,2023-06-16
CUST0004,40,Male,TV,9.57,18,0,2023-01-02
CUST0068,18,Female,TV,44.15,16,1,2023-06-20
CUST0140,38,Female,Email,88.39,6,0,2023-01-31
CUST0150,49,Male,Email,54.86,11,0,2023-07-12
CUST0104,62,Female,Email,72.54,8,0,2023-03-31
CUST0004,43,Male,Google Ads,99.05,15,1,2023-09-26
CUST0260,50,Male,Google Ads,26.33,0,1,2023-08-09
CUST0244,26,Female,Social Media,92.9,11,1,2023-04-21
CUST0223,34,Male,Email,69.58,14,1,2023-12-25
CUST0263,23,Female,Social Media,43.98,17,1,2023-05-21
CUST0266,63,Male,Email,32.77,18,1,2023-01-30
CUST0088,24,Female,Email,84.23,8,1,2023-09-08
CUST0015,24,Male,Google Ads,23.38,8,0,2023-07-01
CUST0199,54,Male,TV,77.35,19,0,2023-09-12
CUST0141,22,Female,TV,44.58,9,0,2023-09-04
CUST0028,50,Male,Google Ads,92.59,9,1,2023-04-12
CUST0295,27,Female,Social Media,64.47,17,1,2023-10-20
CUST0117,34,Male,Google Ads,47.79,8,1,2023-06-12
CUST0100,57,Female,Social Media,84.8,18,0,2023-06-23
CUST0194,45,Male,Email,43.2,0,1,2023-03-23
CUST0017,64,Female,Email,65.19,10,0,2023-09-30
CUST0134,63,Male,Email,61.03,8,1,2023-11-15
CUST0110,39,Male,Google Ads,85.05,4,0,2023-04-17
CUST0087,38,Female,TV,24.54,5,0,2023-04-19
CUST0047,64,Female,TV,46.33,3,0,2023-05-22
CUST0272,49,Male,TV,88.95,12,0,2023-01-15
CUST0297,49,Male,Google Ads,74.23,6,1,2023-05-12
CUST0257,53,Female,Google Ads,62.24,3,0,2023-05-28
CUST0061,48,Male,Google Ads,72.1,4,0,2023-04-25
CUST0255,23,Male,Google Ads,32.21,12,0,2023-09-23
CUST0136,38,Female,TV,45.18,11,0,2023-06-02
CUST0089,52,Male,TV,36.25,16,1,2023-05-12
CUST0142,31,Male,TV,92.88,7,0,2023-12-06
CUST0120,40,Male,Social Media,99.75,16,0,2023-03-28
CUST0251,59,Female,Email,87.15,5,0,2023-01-09
CUST0059,41,Female,Google Ads,75.47,17,1,2023-07-04
CUST0078,47,Female,TV,89.23,4,0,2023-04-15
CUST0009,27,Male,Social Media,20.67,11,0,2023-08-18
CUST0207,22,Female,Email,52.92,18,0,2023-01-29
CUST0066,59,Female,Email,71.34,15,0,2023-11-10
CUST0223,47,Male,Google Ads,12.3,18,0,2023-03-30
CUST0199,24,Female,Email,79.95,5,0,2023-10-18
CUST0041,23,Female,TV,22.04,1,0,2023-10-17
CUST0077,25,Male,Google Ads,34.92,1,0,2023-12-31
CUST0154,43,Male,Email,68.73,10,0,2023-07-13
CUST0124,35,Male,Email,18.36,13,0,2023-05-15
CUST0136,53,Female,Social Media,66.51,3,1,2023-12-12
CUST0270,43,Female,TV,30.93,4,0,2023-09-12
CUST0252,53,Female,Social Media,76.91,9,1,2023-07-07
CUST0258,58,Female,Social Media,46.1,17,0,2023-05-05
CUST0248,21,Female,Google Ads,88.83,10,0,2023-01-28
CUST0170,30,Female,Google Ads,13.86,9,1,2023-07-08
CUST0207,41,Male,Social Media,16.69,16,0,2023-10-19
CUST0064,48,Male,TV,5.91,13,1,2023-09-12
CUST0004,39,Male,Social Media,6.67,16,0,2023-12-12
CUST0018,57,Male,Google Ads,6.09,5,1,2023-10-05
CUST0089,35,Female,Google Ads,82.38,3,0,2023-12-01
CUST0239,51,Male,Email,55.13,15,1,2023-10-05
CUST0216,40,Male,Google Ads,49.41,0,0,2023-02-09
CUST0198,56,Male,Google Ads,70.18,10,0,2023-04-12
CUST0098,64,Female,Email,87.67,19,1,2023-12-07
CUST0051,54,Male,Email,88.75,13,0,2023-10-14
CUST0131,64,Female,TV,15.99,3,0,2023-11-19
CUST0147,18,Male,TV,52.55,10,0,2023-12-18
CUST0046,59,Male,Google Ads,94.18,16,0,2023-03-09
CUST0019,37,Male,TV,7.0,4,0,2023-07-01
CUST0175,64,Female,Social Media,24.73,11,1,2023-01-28
CUST0074,42,Male,Social Media,94.7,8,0,2023-07-20
CUST0063,23,Female,Social Media,69.18,9,0,2023-01-04
CUST0196,47,Male,Social Media,82.03,13,0,2023-09-10
CUST0140,37,Male,Social Media,42.21,15,1,2023-01-21
CUST0093,26,Male,Email,50.97,7,1,2023-11-05
CUST0046,35,Male,TV,83.15,8,0,2023-04-20
CUST0123,57,Male,Social Media,19.39,9,1,2023-05-04
CUST0188,20,Female,Email,75.49,4,0,2023-04-26
CUST0282,53,Female,Email,41.85,16,0,2023-10-31
CUST0284,23,Male,Google Ads,58.17,4,1,2023-05-16
CUST0111,61,Female,Google Ads,34.3,9,0,2023-12-18
CUST0260,55,Female,TV,24.72,12,1,2023-09-27
CUST0100,18,Female,Google Ads,70.21,0,1,2023-03-13
CUST0207,36,Male,Google Ads,49.84,4,0,2023-06-12
CUST0101,55,Female,TV,55.48,5,1,2023-03-25
CUST0113,45,Female,Email,23.03,11,0,2023-09-15
CUST0061,64,Female,Social Media,29.06,2,0,2023-03-10
CUST0138,26,Male,Google Ads,80.02,16,1,2023-03-01
CUST0195,64,Female,TV,31.42,1,1,2023-07-27
CUST0162,27,Female,Email,83.68,19,0,2023-10-31
CUST0070,41,Female,Social Media,87.25,1,1,2023-01-06
CUST0125,43,Male,Google Ads,15.17,17,0,2023-09-08
CUST0208,25,Male,Social Media,33.2,9,0,2023-03-17
CUST0252,22,Male,Google Ads,54.48,11,0,2023-05-22
CUST0029,30,Female,TV,24.83,1,0,2023-03-07
CUST0011,39,Male,Email,27.57,4,0,2023-06-03
CUST0229,51,Male,Social Media,53.43,13,0,2023-10-13
CUST0260,42,Female,Google Ads,53.05,10,0,2023-05-23
CUST0260,40,Male,TV,11.53,18,0,2023-12-23
CUST0280,58,Male,Email,13.59,12,0,2023-05-18
CUST0220,38,Male,Email,88.03,16,0,2023-07-06
CUST0184,20,Female,Social Media,24.94,13,1,2023-07-27
CUST0291,25,Female,Social Media,51.12,18,0,2023-04-08
CUST0294,63,Female,Google Ads,49.37,15,0,2023-01-25
CUST0154,56,Male,Google Ads,61.5,16,1,2023-07-21
CUST0187,56,Female,TV,27.01,13,0,2023-06-26
CUST0195,39,Male,Social Media,75.84,19,0,2023-08-02
CUST0011,62,Female,Social Media,33.31,13,0,2023-04-15
CUST0137,28,Female,Social Media,31.06,19,0,2023-04-25
CUST0246,40,Male,Social Media,85.56,4,0,2023-06-19
CUST0282,33,Female,Email,42.57,5,0,2023-11-25
CUST0068,45,Female,Google Ads,13.97,11,0,2023-01-02
CUST0116,52,Female,TV,47.69,14,0,2023-12-28
CUST0008,59,Male,Google Ads,67.88,10,0,2023-07-10
CUST0226,46,Female,Google Ads,32.13,6,1,2023-06-27
CUST0168,55,Male,Google Ads,98.86,5,1,2023-04-09
CUST0221,23,Female,Google Ads,51.83,2,0,2023-06-29
CUST0138,31,Female,Email,37.3,14,1,2023-08-10
CUST0169,46,Female,TV,90.29,17,0,2023-05-11
CUST0216,45,Female,Email,79.47,11,1,2023-07-01
CUST0233,27,Male,Social Media,50.46,16,0,2023-04-17
CUST0090,63,Male,Google Ads,13.18,3,0,2023-05-19
CUST0045,64,Female,TV,69.94,17,0,2023-01-18
CUST0093,21,Male,Google Ads,47.65,14,1,2023-03-15
CUST0109,41,Male,Email,28.87,13,0,2023-08-09
CUST0062,19,Female,TV,16.53,2,1,2023-05-28
CUST0248,63,Male,Google Ads,98.93,14,1,2023-01-07
CUST0248,46,Female,Social Media,10.44,4,0,2023-02-28
CUST0015,42,Male,Google Ads,35.63,5,0,2023-02-26
CUST0024,48,Male,Google Ads,67.7,6,1,2023-10-08
CUST0118,64,Female,Google Ads,75.8,7,0,2023-01-11
CUST0081,63,Male,Social Media,95.83,10,0,2023-05-24
CUST0241,32,Male,Social Media,46.66,16,1,2023-03-05
CUST0239,55,Male,TV,98.21,10,0,2023-10-22
CUST0153,50,Female,Email,30.51,16,0,2023-11-07
CUST0127,25,Female,Google Ads,35.91,4,0,2023-09-14
CUST0144,57,Male,Email,17.04,9,0,2023-02-12
CUST0128,33,Female,TV,9.81,17,0,2023-01-10
CUST0085,55,Male,Social Media,16.99,19,0,2023-05-19
CUST0236,61,Female,TV,5.2,16,0,2023-09-21
CUST0240,58,Male,Social Media,76.5,9,0,2023-10-10
CUST0219,51,Male,Google Ads,75.32,11,0,2023-08-24
CUST0005,23,Female,Email,7.08,11,0,2023-05-27
CUST0150,56,Male,TV,67.69,1,1,2023-10-09
CUST0033,57,Male,Social Media,27.0,6,0,2023-05-05
CUST0107,40,Male,Social Media,57.69,8,1,2023-12-22
CUST0104,38,Female,TV,20.09,8,0,2023-08-14
CUST0059,52,Female,Email,73.8,14,0,2023-01-19
CUST0258,64,Male,Email,59.51,17,0,2023-11-21
CUST0174,46,Male,Social Media,93.18,8,0,2023-03-21
CUST0279,52,Female,Google Ads,80.68,10,0,2023-04-27
CUST0054,19,Male,Google Ads,66.92,14,0,2023-12-10
CUST0292,50,Male,Google Ads,42.34,11,0,2023-04-05
CUST0084,43,Female,Google Ads,93.64,10,0,2023-09-07
CUST0072,61,Male,Email,58.21,6,0,2023-02-22
CUST0040,49,Male,Social Media,66.1,9,0,2023-01-23
CUST0030,35,Female,Social Media,27.55,5,0,2023-09-16
CUST0020,51,Male,Google Ads,55.15,3,1,2023-04-01
CUST0294,47,Male,Social Media,69.32,10,0,2023-09-04
CUST0002,61,Male,Email,44.51,5,1,2023-12-15
CUST0134,40,Male,TV,11.02,16,1,2023-12-15
CUST0082,37,Male,TV,62.24,8,0,2023-11-24
CUST0164,63,Male,Social Media,91.41,0,0,2023-08-27
CUST0078,40,Female,Social Media,39.9,10,0,2023-11-30
CUST0026,57,Male,Social Media,41.44,4,0,2023-06-02
CUST0098,25,Female,Google Ads,83.48,18,0,2023-05-06
CUST0118,31,Male,Google Ads,64.92,4,0,2023-03-11
CUST0082,40,Female,Social Media,86.83,17,1,2023-09-20
CUST0145,63,Male,TV,25.29,14,0,2023-12-02
CUST0287,31,Female,Email,61.87,2,1,2023-02-19
CUST0159,19,Male,Social Media,44.32,12,0,2023-08-06
CUST0013,21,Male,Email,81.15,1,0,2023-10-21
CUST0091,41,Female,Email,50.68,15,1,2023-02-26
CUST0093,53,Female,Email,44.86,15,0,2023-05-30
CUST0039,26,Female,Email,49.15,14,0,2023-10-23
CUST0008,33,Male,Google Ads,52.53,2,0,2023-12-16
CUST0107,49,Female,Social Media,16.1,13,0,2023-01-28
CUST0166,49,Male,Email,92.5,1,1,2023-09-27
CUST0015,44,Male,Email,50.97,8,1,2023-02-18
CUST0114,32,Male,TV,67.17,11,1,2023-03-05
CUST0129,21,Female,Social Media,13.42,16,0,2023-10-06
CUST0131,53,Female,Email,28.32,7,0,2023-03-11
CUST0038,42,Male,Google Ads,24.38,10,0,2023-08-30
CUST0063,32,Female,TV,13.74,7,1,2023-05-25
CUST0015,29,Female,TV,90.48,0,0,2023-06-28
CUST0062,24,Female,TV,36.8,18,0,2023-10-29
CUST0082,53,Female,TV,30.81,3,0,2023-11-15
CUST0038,41,Male,Email,17.89,19,0,2023-10-17
CUST0223,23,Male,Google Ads,83.98,14,1,2023-03-11
CUST0007,58,Female,TV,28.07,12,0,2023-05-02
CUST0072,62,Female,Google Ads,24.69,17,0,2023-11-08
CUST0242,48,Male,Email,7.1,4,0,2023-11-19
CUST0225,38,Female,Social Media,81.0,11,1,2023-02-20
CUST0052,28,Female,Google Ads,26.05,15,0,2023-08-21
CUST0260,33,Female,Email,56.93,17,0,2023-04-17
CUST0129,31,Male,TV,67.49,0,0,2023-03-08
CUST0105,42,Female,Social Media,13.96,19,1,2023-04-11
CUST0127,31,Female,Google Ads,36.81,13,0,2023-05-17
CUST0127,55,Female,TV,87.62,0,0,2023-07-27
CUST0095,35,Male,Email,38.47,19,0,2023-02-28
CUST0166,31,Male,Email,52.5,3,1,2023-09-11
CUST0114,41,Male,Email,78.81,17,0,2023-10-25
CUST0053,25,Male,TV,98.44,6,0,2023-08-10
CUST0259,62,Male,Google Ads,31.49,15,1,2023-05-20
CUST0225,42,Male,Email,14.68,17,0,2023-02-05
CUST0015,51,Female,Email,32.75,0,1,2023-10-19
CUST0003,62,Female,Social Media,52.38,3,1,2023-07-30
CUST0239,61,Male,Google Ads,91.47,17,1,2023-09-02
CUST0161,45,Male,Email,6.96,1,0,2023-03-13
CUST0289,41,Male,Google Ads,35.85,10,0,2023-06-28
CUST0260,35,Female,Email,59.97,4,0,2023-04-26
CUST0224,51,Male,TV,58.0,10,0,2023-12-21
CUST0234,59,Male,Email,77.32,5,0,2023-12-03
CUST0220,20,Male,Social Media,6.28,1,0,2023-03-05
CUST0248,29,Male,Email,75.62,0,1,2023-07-03
CUST0107,53,Male,Email,43.83,11,1,2023-10-14
CUST0220,22,Male,Social Media,82.19,1,1,2023-03-12
CUST0112,36,Female,Email,63.16,8,1,2023-04-14
CUST0022,29,Female,TV,5.64,10,0,2023-07-05
CUST0159,44,Female,Email,28.29,9,0,2023-07-25
CUST0188,34,Female,Social Media,59.21,5,0,2023-03-30
CUST0288,60,Female,Email,17.89,19,0,2023-07-27
CUST0071,45,Male,Social Media,70.7,12,0,2023-08-22
CUST0225,57,Female,Google Ads,34.83,4,0,2023-06-28
CUST0078,39,Male,Social Media,25.31,10,0,2023-08-14
CUST0190,27,Male,Social Media,94.31,1,1,2023-01-15
CUST0249,58,Male,TV,26.07,6,0,2023-11-20
CUST0217,23,Male,Email,21.93,18,0,2023-05-21
CUST0224,34,Male,TV,49.08,13,0,2023-12-10
CUST0028,29,Male,Google Ads,32.83,1,0,2023-07-03
CUST0017,23,Male,Email,41.91,16,0,2023-09-02
CUST0136,60,Female,TV,85.5,10,0,2023-05-30
CUST0294,39,Female,Email,97.31,2,0,2023-06-11
CUST0256,33,Male,Email,20.61,13,1,2023-11-30
CUST0192,21,Female,Email,51.79,15,0,2023-05-14
CUST0229,42,Male,TV,67.6,6,0,2023-12-19
CUST0090,50,Female,Email,6.62,10,0,2023-04-04
CUST0287,18,Male,Google Ads,75.05,3,0,2023-10-05
CUST0212,32,Female,TV,44.75,7,0,2023-02-14
CUST0114,34,Female,Social Media,66.17,11,0,2023-02-23
CUST0185,60,Female,Google Ads,65.19,13,0,2023-10-12
CUST0257,36,Male,Social Media,12.09,6,1,2023-11-15
CUST0090,36,Male,Social Media,77.65,14,0,2023-01-09
CUST0285,37,Female,Google Ads,27.2,17,0,2023-12-09
CUST0066,18,Female,Email,85.89,2,0,2023-12-09
CUST0278,40,Female,Google Ads,72.39,13,0,2023-12-02
CUST0029,33,Female,TV,77.83,5,0,2023-04-14
CUST0009,41,Female,Email,91.97,17,1,2023-01-15
CUST0297,37,Male,Email,33.68,0,0,2023-07-22
CUST0021,32,Male,Social Media,15.68,2,0,2023-05-21
CUST0249,41,Male,Google Ads,14.39,2,0,2023-10-23
CUST0096,54,Female,Email,15.93,1,0,2023-01-31
CUST0111,58,Male,TV,42.71,6,0,2023-02-28
CUST0236,50,Female,TV,80.39,8,0,2023-01-30
CUST0040,49,Female,Email,65.86,10,1,2023-10-28
CUST0282,48,Female,TV,89.47,7,0,2023-02-18
CUST0176,32,Male,Google Ads,70.85,10,0,2023-03-04
CUST0126,18,Female,TV,77.68,13,0,2023-07-23
CUST0205,29,Female,Email,73.09,9,0,2023-11-27
CUST0224,52,Female,TV,74.87,0,0,2023-09-10
CUST0033,54,Female,Social Media,58.22,8,0,2023-11-11
CUST0298,47,Female,TV,95.92,17,1,2023-09-12
CUST0234,43,Female,Social Media,33.44,18,1,2023-07-06
CUST0077,28,Female,Google Ads,68.71,15,0,2023-09-04
CUST0299,49,Male,Google Ads,26.71,11,0,2023-09-23
CUST0004,19,Female,Google Ads,42.86,9,0,2023-11-18
CUST0192,27,Female,Google Ads,10.39,7,1,2023-06-10
CUST0198,63,Female,Social Media,35.26,4,0,2023-08-23
CUST0219,39,Male,Social Media,9.51,12,0,2023-07-01
CUST0232,26,Female,Social Media,11.62,10,0,2023-05-03
CUST0158,47,Female,TV,48.8,18,1,2023-06-08
CUST0202,42,Male,Email,38.19,0,0,2023-05-13
CUST0180,38,Male,Email,26.94,0,1,2023-08-23
CUST0279,35,Female,Email,34.8,18,1,2023-10-31
CUST0244,37,Male,TV,94.38,11,1,2023-12-13
CUST0050,57,Male,Social Media,74.03,0,1,2023-12-25
CUST0009,33,Female,TV,77.93,7,0,2023-07-14
CUST0234,56,Male,Google Ads,41.59,12,0,2023-10-04
CUST0235,52,Male,TV,67.21,15,0,2023-07-07
CUST0115,46,Male,TV,66.55,0,1,2023-09-19
CUST0072,63,Male,TV,46.88,15,0,2023-08-29
CUST0106,47,Female,Google Ads,69.95,11,1,2023-06-26
CUST0072,20,Female,Email,34.74,17,0,2023-12-30
CUST0082,49,Female,Email,52.03,10,1,2023-01-31
CUST0149,31,Female,Google Ads,49.35,16,0,2023-10-22
CUST0141,43,Female,Email,94.78,15,1,2023-03-23
CUST0283,22,Male,Email,99.2,10,0,2023-07-11
CUST0239,45,Female,Social Media,5.85,2,0,2023-10-08
CUST0062,25,Male,Email,64.66,14,0,2023-11-09
CUST0296,62,Female,TV,47.3,18,0,2023-12-06
CUST0208,50,Female,TV,5.7,4,0,2023-04-09
CUST0296,53,Female,Social Media,62.68,11,1,2023-05-05
CUST0127,30,Female,TV,36.3,7,0,2023-10-30
CUST0265,37,Female,Social Media,71.65,12,1,2023-04-30
CUST0209,35,Male,TV,67.55,19,0,2023-11-04
CUST0259,37,Male,Email,27.05,14,1,2023-10-02
CUST0181,60,Female,TV,18.27,8,0,2023-11-03
CUST0260,50,Female,TV,29.24,16,1,2023-02-15
CUST0296,38,Female,Social Media,17.19,13,0,2023-03-24
CUST0180,63,Female,Social Media,60.72,0,0,2023-01-01
CUST0206,41,Male,Social Media,63.86,5,0,2023-11-02
CUST0200,45,Male,Google Ads,8.68,19,1,2023-08-03
CUST0030,22,Female,Email,70.42,14,0,2023-08-16
CUST0025,47,Female,Google Ads,87.5,3,0,2023-08-20
CUST0039,60,Male,TV,97.31,18,0,2023-07-19
CUST0208,41,Male,TV,29.98,14,1,2023-07-12
CUST0153,56,Female,Social Media,76.52,0,1,2023-08-17
CUST0033,31,Male,Social Media,54.83,14,1,2023-12-04
CUST0116,53,Female,TV,29.21,19,0,2023-06-11
CUST0112,53,Female,Google Ads,9.0,0,0,2023-07-24
CUST0180,43,Male,Social Media,32.84,17,0,2023-03-06
CUST0202,30,Female,Social Media,42.27,6,0,2023-04-15
CUST0114,57,Female,TV,94.75,9,0,2023-07-29
CUST0073,38,Female,Email,32.43,2,1,2023-08-31
CUST0001,43,Female,Social Media,99.46,1,0,2023-09-28
CUST0226,51,Female,Google Ads,91.9,15,1,2023-11-11
CUST0031,57,Female,Email,42.99,14,1,2023-05-14
CUST0277,31,Female,TV,22.48,3,0,2023-03-30
CUST0024,38,Female,Social Media,76.05,3,1,2023-03-28
CUST0019,60,Male,Email,77.2,10,0,2023-04-09
CUST0061,64,Male,TV,23.95,11,1,2023-11-09
CUST0112,36,Female,Google Ads,32.72,18,0,2023-12-16
CUST0124,29,Male,Social Media,83.56,2,0,2023-12-06
CUST0020,53,Female,TV,70.58,12,0,2023-06-19
CUST0117,47,Male,Social Media,52.1,11,0,2023-02-20
CUST0154,61,Male,Social Media,22.07,5,0,2023-07-20
CUST0127,50,Male,Google Ads,96.62,9,0,2023-03-04
CUST0007,61,Female,Email,77.78,2,0,2023-05-21
CUST0072,40,Female,Google Ads,11.52,6,0,2023-06-03
CUST0094,58,Male,Social Media,45.05,18,0,2023-02-28
CUST0011,30,Male,Google Ads,15.26,19,0,2023-11-03
CUST0249,45,Female,Social Media,78.4,15,1,2023-02-28
CUST0072,45,Male,Google Ads,75.37,6,0,2023-12-07
CUST0175,36,Male,Social Media,81.92,2,0,2023-03-14
CUST0192,54,Female,Google Ads,13.09,7,0,2023-11-15
CUST0043,48,Male,TV,16.8,13,1,2023-12-30
CUST0235,59,Female,Google Ads,40.39,7,0,2023-01-20
CUST0016,56,Male,Email,42.94,3,0,2023-09-20
CUST0119,34,Female,TV,76.49,6,1,2023-06-24
CUST0260,45,Female,TV,66.35,14,0,2023-03-09
CUST0050,21,Female,Google Ads,72.86,12,0,2023-06-18
CUST0034,23,Male,Google Ads,77.6,18,0,2023-11-03
CUST0254,36,Male,Social Media,77.85,4,0,2023-10-19
